"00C","NHS DARLINGTON CCG","Y63","QHM","C/O BILLINGHAM HEALTH CENTRE","QUEENSWAY","","BILLINGHAM","","TS23 2LA","20130401","20200331","","","","","","","","","","1","","","","",""
"00D","NHS DURHAM DALES, EASINGTON AND SEDGEFIELD CCG","Y63","QHM","SEDGEFIELD COMMUNITY HOSPITAL","SALTERS LANE","SEDGEFIELD","STOCKTON-ON-TEES","","TS21 3EE","20130401","20200331","","","","","","","","","","1","","","","",""
"00F","NHS GATESHEAD CCG","Y63","QHM","RIVERSIDE HOUSE","GOLDCREST WAY","NEWBURN RIVERSIDE","NEWCASTLE UPON TYNE","","NE15 8NY","20130401","20150331","","","","","","","","","","1","","","","",""
"00G","NHS NEWCASTLE NORTH AND EAST CCG","Y63","QHM","RIVERSIDE HOUSE","GOLDCREST WAY","NEWBURN RIVERSIDE","NEWCASTLE UPON TYNE","","NE15 8NY","20130401","20150331","","","","","","","","","","1","","","","",""
"00H","NHS NEWCASTLE WEST CCG","Y63","QHM","RIVERSIDE HOUSE","GOLDCREST WAY","NEWBURN RIVERSIDE","NEWCASTLE UPON TYNE","","NE15 8NY","20130401","20150331","","","","","","","","","","1","","","","",""
"00J","NHS NORTH DURHAM CCG","Y63","QHM","SEDGEFIELD COMMUNITY HOSPITAL","SALTERS LANE","SEDGEFIELD","STOCKTON-ON-TEES","","TS21 3EE","20130401","20200331","","","","","","","","","","1","","","","",""
"00K","NHS HARTLEPOOL AND STOCKTON-ON-TEES CCG","Y63","QHM","BILLINGHAM HEALTH CENTRE","QUEENSWAY","","BILLINGHAM","","TS23 2LA","20130401","20200331","","","","","","","","","","1","","","","",""
"00L","NHS NORTH EAST AND NORTH CUMBRIA ICB - 00L","Y63","QHM","THE RIVERGREEN CENTRE","ST. MARY LANE","ST. MARY PARK","MORPETH","","NE61 6BL","20130401","","","RO319","","","","","","","","1","","","","",""
"00M","NHS SOUTH TEES CCG","Y63","QHM","NORTH ORMESBY HEALTH VILLAGE","11 TRINITY MEWS","NORTH ORMESBY","MIDDLESBROUGH","","TS3 6AL","20130401","20200331","","","","","","","","","","1","","","","",""
"00N","NHS NORTH EAST AND NORTH CUMBRIA ICB - 00N","Y63","QHM","MONKTON HALL","MONKTON LANE","MONKTON VILLAGE","JARROW","","NE32 5NN","20130401","","","RO319","","","","","","","","1","","","","",""
"00P","NHS NORTH EAST AND NORTH CUMBRIA ICB - 00P","Y63","QHM","PEMBERTON HOUSE","COLIMA AVENUE","SUNDERLAND ENTERPRISE PARK","SUNDERLAND","","SR5 3XB","20130401","","","RO319","","","","","","","","1","","","","",""
"00Q","NHS LANCASHIRE AND SOUTH CUMBRIA ICB - 00Q","Y62","QE1","FUSION HOUSE","EVOLUTION PARK","HASLINGDEN ROAD","BLACKBURN","","BB1 2FD","20130401","","","RO319","","","","","","","","1","","","","",""
"00R","NHS LANCASHIRE AND SOUTH CUMBRIA ICB - 00R","Y62","QE1","THE STADIUM","SEASIDERS WAY","","BLACKPOOL","","FY1 6JX","20130401","","","RO319","","","","","","","","1","","","","",""
"00T","NHS GREATER MANCHESTER ICB - 00T","Y62","QOP","ST PETERS HOUSE","SILVERWELL STREET","","BOLTON","","BL1 1PP","20130401","","","RO319","","","","","","","","1","","","","",""
"00V","NHS GREATER MANCHESTER ICB - 00V","Y62","QOP","TOWNSIDE PRIMARY CARE CENTRE","1 KNOWSLEY PLACE","KNOWSLEY STREET","BURY","","BL9 0SN","20130401","","","RO319","","","","","","","","1","","","","",""
"00W","NHS CENTRAL MANCHESTER CCG","Y62","QOP","PARKWAY ONE","PARKWAY BUSINESS CENTRE","PRINCESS ROAD","MANCHESTER","","M14 7LU","20130401","20170331","","","","","","","","","","1","","","","",""
"00X","NHS LANCASHIRE AND SOUTH CUMBRIA ICB - 00X","Y62","QE1","CHORLEY HOUSE","LANCASHIRE ENTERPRISE BUSINESS PARK","CENTURION WAY","LEYLAND","","PR26 6TT","20130401","","","RO319","","","","","","","","1","","","","",""
"00Y","NHS GREATER MANCHESTER ICB - 00Y","Y62","QOP","CIVIC CENTRE","WEST STREET","","OLDHAM","","OL1 1UT","20130401","","","RO319","","","","","","","","1","","","","",""
"01A","NHS LANCASHIRE AND SOUTH CUMBRIA ICB - 01A","Y62","QE1","WALSHAW HOUSE","REGENT STREET","","NELSON","","BB9 8AS","20130401","","","RO319","","","","","","","","1","","","","",""
"01C","NHS EASTERN CHESHIRE CCG","Y62","QYG","1ST FLOOR","WEST WING","NEW ALDERLERY HOUSE","VICTORIA ROAD MACCLESFIELD","","SK10 3BL","20130401","20200331","","","","","","","","","","1","","","","",""
"01D","NHS GREATER MANCHESTER ICB - 01D","Y62","QOP","3RD FLOOR","NUMBER ONE RIVERSIDE","SMITH STREET","ROCHDALE","","OL16 1XU","20130401","","","RO319","","","","","","","","1","","","","",""
"01E","NHS LANCASHIRE AND SOUTH CUMBRIA ICB - 01E","Y62","QE1","CHORLEY HOUSE","LANCASHIRE ENTERPRISE BUSINESS PARK","CENTURION WAY","LEYLAND","","PR26 6TT","20130401","","","RO319","","","","","","","","1","","","","",""
"01F","NHS CHESHIRE AND MERSEYSIDE ICB - 01F","Y62","QYG","FIRST FLOOR","RUNCORN TOWN HALL","HEATH ROAD","RUNCORN","","WA7 5TD","20130401","","","RO319","","","","","","","","1","","","","",""
"01G","NHS GREATER MANCHESTER ICB - 01G","Y62","QOP","SALFORD CIVIC CENTRE","CHORLEY ROAD","","MANCHESTER","","M27 5AW","20130401","","","RO319","","","","","","","","1","","","","",""
"01H","NHS NORTH EAST AND NORTH CUMBRIA ICB - 01H","Y63","QHM","4 WAVELL DRIVE","ROSEHILL INDUSTRIAL ESTATE","","CARLISLE","","CA1 2SE","20130401","","","RO319","","","","","","","","1","","","","",""
"01J","NHS CHESHIRE AND MERSEYSIDE ICB - 01J","Y62","QYG","NUTGROVE VILLA","WESTMORLAND ROAD","HUYTON","LIVERPOOL","","L36 6GA","20130401","","","RO319","","","","","","","","1","","","","",""
"01K","NHS LANCASHIRE AND SOUTH CUMBRIA ICB - 01K","Y62","QE1","MOOR LANE MILLS","MOOR LANE","","LANCASTER","","LA1 1QD","20130401","","","RO319","","","","","","","","1","","","","",""
"01M","NHS NORTH MANCHESTER CCG","Y62","QOP","2ND FLOOR SILK MILL","HOLYOAK STREET","NEWTON HEATH","MANCHESTER","","M40 1HA","20130401","20170331","","","","","","","","","","1","","","","",""
"01N","NHS SOUTH MANCHESTER CCG","Y62","QOP","PARKWAY THREE","PARKWAY BUSINESS CENTRE","PRINCESS ROAD","MANCHESTER","","M14 7LU","20130401","20170331","","","","","","","","","","1","","","","",""
"01R","NHS SOUTH CHESHIRE CCG","Y62","QYG","BEVAN HOUSE","BARONY COURT","","NANTWICH","","CW5 5QU","20130401","20200331","","","","","","","","","","1","","","","",""
"01T","NHS CHESHIRE AND MERSEYSIDE ICB - 01T","Y62","QYG","3RD FLOOR","MERTON HOUSE","STANLEY ROAD","BOOTLE","","L20 3DL","20130401","","","RO319","","","","","","","","1","","","","",""
"01V","NHS CHESHIRE AND MERSEYSIDE ICB - 01V","Y62","QYG","5 CURZON ROAD","","","SOUTHPORT","","PR8 6PL","20130401","","","RO319","","","","","","","","1","","","","",""
"01W","NHS GREATER MANCHESTER ICB - 01W","Y62","QOP","4TH FLOOR","STOPFORD HOUSE","","STOCKPORT","","SK1 3XE","20130401","","","RO319","","","","","","","","1","","","","",""
"01X","NHS CHESHIRE AND MERSEYSIDE ICB - 01X","Y62","QYG","ST HELENS CHAMBER OF COMMERCE","SALISBURY STREET","CHALON WAY","ST. HELENS","","WA10 1FY","20130401","","","RO319","","","","","","","","1","","","","",""
"01Y","NHS GREATER MANCHESTER ICB - 01Y","Y62","QOP","TAMESIDE ONE","MARKET PLACE","","ASHTON-UNDER-LYNE","","OL6 6BH","20130401","","","RO319","","","","","","","","1","","","","",""
"02A","NHS GREATER MANCHESTER ICB - 02A","Y62","QOP","1ST FLOOR TRAFFORD TOWN HALL","TALBOT ROAD","STRETFORD","MANCHESTER","","M32 0TH","20130401","","","RO319","","","","","","","","1","","","","",""
"02D","NHS VALE ROYAL CCG","Y62","QYG","BEVAN HOUSE","BARONY COURT","","NANTWICH","","CW5 5QU","20130401","20200331","","","","","","","","","","1","","","","",""
"02E","NHS CHESHIRE AND MERSEYSIDE ICB - 02E","Y62","QYG","110 BIRCHWOOD BOULEVARD","BIRCHWOOD","","WARRINGTON","","WA3 7QH","20130401","","","RO319","","","","","","","","1","","","","",""
"02F","NHS WEST CHESHIRE CCG","Y62","QYG","1829 BUILDING","THE COUNTESS OF CHESTER HEALTH PARK","LIVERPOOL ROAD","CHESTER","","CH2 1HJ","20130401","20200331","","","","","","","","","","1","","","","",""
"02G","NHS LANCASHIRE AND SOUTH CUMBRIA ICB - 02G","Y62","QE1","HILLDALE","WIGAN ROAD","","ORMSKIRK","","L39 2JW","20130401","","","RO319","","","","","","","","1","","","","",""
"02H","NHS GREATER MANCHESTER ICB - 02H","Y62","QOP","WIGAN LIFE CENTRE","COLLEGE AVENUE","","WIGAN","","WN1 1NJ","20130401","","","RO319","","","","","","","","1","","","","",""
"02M","NHS LANCASHIRE AND SOUTH CUMBRIA ICB - 02M","Y62","QE1","THE STADIUM","SEASIDERS WAY","","BLACKPOOL","","FY1 6JX","20130401","","","RO319","","","","","","","","1","","","","",""
"02N","NHS AIREDALE, WHARFEDALE AND CRAVEN CCG","Y63","QWO","DOUGLAS MILLS","BOWLING OLD LANE","","BRADFORD","","BD5 7JR","20130401","20200331","","","","","","","","","","1","","","","",""
"02P","NHS SOUTH YORKSHIRE ICB - 02P","Y63","QF7","WESTGATE PLAZA ONE","WESTGATE","","BARNSLEY","","S70 2DR","20130401","","","RO319","","","","","","","","1","","","","",""
"02Q","NHS NOTTINGHAM AND NOTTINGHAMSHIRE ICB - 02Q","Y60","QT1","RETFORD HOSPITAL","NORTH ROAD","","RETFORD","","DN22 7XF","20130401","","","RO319","","","","","","","","1","","","","",""
"02R","NHS BRADFORD DISTRICTS CCG","Y63","QWO","DOUGLAS MILLS","BOWLING OLD LANE","","BRADFORD","","BD5 7JR","20130401","20200331","","","","","","","","","","1","","","","",""
"02T","NHS WEST YORKSHIRE ICB - 02T","Y63","QWO","2ND FLOOR","WESTGATE HOUSE","WESTGATE","HALIFAX","","HX1 1PW","20130401","","","RO319","","","","","","","","1","","","","",""
"02V","NHS LEEDS NORTH CCG","Y63","QWO","LEAFIELD HOUSE","107-109 KING LANE","","LEEDS","","LS17 5BP","20130401","20180331","","","","","","","","","","1","","","","",""
"02W","NHS BRADFORD CITY CCG","Y63","QWO","DOUGLAS MILLS","BOWLING OLD LANE","","BRADFORD","","BD5 7JR","20130401","20200331","","","","","","","","","","1","","","","",""
"02X","NHS SOUTH YORKSHIRE ICB - 02X","Y63","QF7","SOVEREIGN HOUSE","HEAVENS WALK","","DONCASTER","","DN4 5HZ","20130401","","","RO319","","","","","","","","1","","","","",""
"02Y","NHS HUMBER AND NORTH YORKSHIRE ICB - 02Y","Y63","QOQ","HEALTH HOUSE","GRANGE PARK LANE","WILLERBY","HULL","","HU10 6DT","20130401","","","RO319","","","","","","","","1","","","","",""
"03A","NHS GREATER HUDDERSFIELD CCG","Y63","QWO","BROAD LEA HOUSE","DYSON WOOD WAY","BRADLEY","HUDDERSFIELD","","HD2 1GZ","20130401","20210331","","","","","","","","","","1","","","","",""
"03C","NHS LEEDS WEST CCG","Y63","QWO","UNITS 2-4 WIRA BUSINESS PARK","RING ROAD","WEST PARK","LEEDS","","LS16 6EB","20130401","20180331","","","","","","","","","","1","","","","",""
"03D","NHS HAMBLETON, RICHMONDSHIRE AND WHITBY CCG","Y63","QOQ","HAMBLETON DISTRICT COUNCIL","CIVIC CENTRE","STONECROSS","NORTHALLERTON","","DL6 2UU","20130401","20200331","","","","","","","","","","1","","","","",""
"03E","NHS HARROGATE AND RURAL DISTRICT CCG","Y63","QOQ","1 GRIMBALD CRAG COURT","ST JAMES BUSINESS PARK","","KNARESBOROUGH","","HG5 8QB","20130401","20200331","","","","","","","","","","1","","","","",""
"03F","NHS HUMBER AND NORTH YORKSHIRE ICB - 03F","Y63","QOQ","WILBERFORCE COURT","ALFRED GELDER STREET","","HULL","","HU1 1UY","20130401","","","RO319","","","","","","","","1","","","","",""
"03G","NHS LEEDS SOUTH AND EAST CCG","Y63","QWO","3200 CENTURY WAY","THORPE PARK","","LEEDS","","LS15 8ZB","20130401","20180331","","","","","","","","","","1","","","","",""
"03H","NHS HUMBER AND NORTH YORKSHIRE ICB - 03H","Y63","QOQ","MUNICIPAL OFFICES","TOWN HALL SQUARE","","GRIMSBY","","DN31 1HU","20130401","","","RO319","","","","","","","","1","","","","",""
"03J","NHS NORTH KIRKLEES CCG","Y63","QWO","4TH FLOOR","EMPIRE HOUSE","WAKEFIELD ROAD","DEWSBURY","","WF12 8DJ","20130401","20210331","","","","","","","","","","1","","","","",""
"03K","NHS HUMBER AND NORTH YORKSHIRE ICB - 03K","Y63","QOQ","THE HEALTH PLACE","WRAWBY ROAD","","BRIGG","","DN20 8GS","20130401","","","RO319","","","","","","","","1","","","","",""
"03L","NHS SOUTH YORKSHIRE ICB - 03L","Y63","QF7","OAK HOUSE","MOORHEAD WAY","BRAMLEY","ROTHERHAM","","S66 1YY","20130401","","","RO319","","","","","","","","1","","","","",""
"03M","NHS SCARBOROUGH AND RYEDALE CCG","Y63","QOQ","SCARBOROUGH TOWN HALL","ST NICHOLAS STREET","","SCARBOROUGH","","YO11 2HG","20130401","20200331","","","","","","","","","","1","","","","",""
"03N","NHS SOUTH YORKSHIRE ICB - 03N","Y63","QF7","197 EYRE STREET","","","SHEFFIELD","","S1 3FG","20130401","","","RO319","","","","","","","","1","","","","",""
"03Q","NHS HUMBER AND NORTH YORKSHIRE ICB - 03Q","Y63","QOQ","WEST OFFICES","STATION RISE","","YORK","","YO1 6GA","20130401","","","RO319","","","","","","","","1","","","","",""
"03R","NHS WEST YORKSHIRE ICB - 03R","Y63","QWO","WHITE ROSE HOUSE","WEST PARADE","","WAKEFIELD","","WF1 1LT","20130401","","","RO319","","","","","","","","1","","","","",""
"03T","NHS LINCOLNSHIRE EAST CCG","Y60","QJM","CROSS O CLIFF","BRACEBRIDGE HEATH","","LINCOLN","","LN4 2HN","20130401","20200331","","","","","","","","","","1","","","","",""
"03V","NHS CORBY CCG","Y60","QPM","WILLOWBROOK HEALTH CENTRE","COTTINGHAM ROAD","","CORBY","","NN17 2UR","20130401","20200331","","","","","","","","","","1","","","","",""
"03W","NHS LEICESTER, LEICESTERSHIRE AND RUTLAND ICB - 03W","Y60","QK1","LEICESTERSHIRE COUNTY COUNCIL","ROOM 30 PEN LLOYD BUILDING","LEICESTER ROAD, GLENFIELD","LEICESTER","","LE3 8TB","20130401","","","RO319","","","","","","","","1","","","","",""
"03X","NHS EREWASH CCG","Y60","QJ2","TOLL BAR HOUSE","1 DERBY ROAD","","ILKESTON","","DE7 5FH","20130401","20190331","","","","","","","","","","1","","","","",""
"03Y","NHS HARDWICK CCG","Y60","QJ2","SCARSDALE HOSPITAL","NIGHTINGALE CLOSE","OFF NEWBOLD ROAD","CHESTERFIELD","","S41 7PF","20130401","20190331","","","","","","","","","","1","","","","",""
"04C","NHS LEICESTER, LEICESTERSHIRE AND RUTLAND ICB - 04C","Y60","QK1","ROOM 30 PEN LLOYD BUILDING","LEICESTER ROAD","GLENFIELD","LEICESTER","","LE3 8TB","20130401","","","RO319","","","","","","","","1","","","","",""
"04D","NHS LINCOLNSHIRE WEST CCG","Y60","QJM","CROSS O CLIFF","BRACEBRIDGE HEATH","","LINCOLN","","LN4 2HN","20130401","20200331","","","","","","","","","","1","","","","",""
"04E","NHS MANSFIELD AND ASHFIELD CCG","Y60","QT1","HAWTHORN HOUSE, RANSOM WOOD B PARK","SOUTHWELL ROAD WEST","RAINWORTH","MANSFIELD","","NG21 0HJ","20130401","20200331","","","","","","","","","","1","","","","",""
"04F","NHS MILTON KEYNES CCG","Y61","QHG","SHERWOOD PLACE","155 SHERWOOD DRIVE","BLETCHLEY","MILTON KEYNES","","MK3 6RT","20130401","20210331","","","","","","","","","","1","","","","",""
"04G","NHS NENE CCG","Y60","QPM","FRANCIS CRICK HOUSE","SUMMERHOUSE ROAD","MOULTON PARK INDUSTRIAL ESTATE","NORTHAMPTON","","NN3 6BF","20130401","20200331","","","","","","","","","","1","","","","",""
"04H","NHS NEWARK AND SHERWOOD CCG","Y60","QT1","BALDERTON PRIMARY CARE CENTRE","LOWFIELD LANE","BALDERTON","NEWARK","","NG24 3HJ","20130401","20200331","","","","","","","","","","1","","","","",""
"04J","NHS NORTH DERBYSHIRE CCG","Y60","QJ2","SCARSDALE HOSPITAL","NIGHTINGALE CLOSE","OFF NEWBOLD ROAD","CHESTERFIELD","","S41 7PF","20130401","20190331","","","","","","","","","","1","","","","",""
"04K","NHS NOTTINGHAM CITY CCG","Y60","QT1","1 STANDARD COURT","PARK ROW","","NOTTINGHAM","","NG1 6GN","20130401","20200331","","","","","","","","","","1","","","","",""
"04L","NHS NOTTINGHAM NORTH AND EAST CCG","Y60","QT1","GEDLING CIVIC CENTRE","ARNOT HILL PARK","ARNOLD","NOTTINGHAM","","NG5 0TE","20130401","20200331","","","","","","","","","","1","","","","",""
"04M","NHS NOTTINGHAM WEST CCG","Y60","QT1","STAPLEFORD CARE CENTRE","CHURCH STREET","STAPLEFORD","NOTTINGHAM","","NG9 8DB","20130401","20200331","","","","","","","","","","1","","","","",""
"04N","NHS RUSHCLIFFE CCG","Y60","QT1","EASTHORPE HOUSE","165 LOUGHBOROUGH ROAD","RUDDINGTON","NOTTINGHAM","","NG11 6LQ","20130401","20200331","","","","","","","","","","1","","","","",""
"04Q","NHS SOUTH WEST LINCOLNSHIRE CCG","Y60","QJM","BRIDGE HOUSE","THE POINT","LIONS WAY","SLEAFORD","","NG34 8GG","20130401","20200331","","","","","","","","","","1","","","","",""
"04R","NHS SOUTHERN DERBYSHIRE CCG","Y60","QJ2","CARDINAL SQUARE","1ST FLOOR, NORTH POINT","10 NOTTINGHAM ROAD","DERBY","","DE1 3QT","20130401","20190331","","","","","","","","","","1","","","","",""
"04V","NHS LEICESTER, LEICESTERSHIRE AND RUTLAND ICB - 04V","Y60","QK1","ROOM 30 PEN LLOYD BUILDING","LEICESTER ROAD","GLENFIELD","LEICESTER","","LE3 8TB","20130401","","","RO319","","","","","","","","1","","","","",""
"04X","NHS BIRMINGHAM SOUTH AND CENTRAL CCG","Y60","QHL","BARTHOLOMEW HOUSE","142 HAGLEY ROAD","","BIRMINGHAM","","B16 9PA","20130401","20180331","","","","","","","","","","1","","","","",""
"04Y","NHS STAFFORDSHIRE AND STOKE-ON-TRENT ICB - 04Y","Y60","QNC","BLOCK D","BEECROFT COURT","BEECROFT ROAD","CANNOCK","","WS11 1JP","20130401","","","RO319","","","","","","","","1","","","","",""
"05A","NHS COVENTRY AND RUGBY CCG","Y60","QWU","PARKSIDE HOUSE","QUINTON ROAD","","COVENTRY","","CV1 2NJ","20130401","20210331","","","","","","","","","","1","","","","",""
"05C","NHS DUDLEY CCG","Y60","QUA","BRIERLEY HILL HEALTH & SOCIAL CARE","VENTURE WAY","","BRIERLEY HILL","","DY5 1RU","20130401","20210331","","","","","","","","","","1","","","","",""
"05D","NHS STAFFORDSHIRE AND STOKE-ON-TRENT ICB - 05D","Y60","QNC","EDWIN HOUSE","SECOND AVENUE","CENTRUM ONE HUNDRED","BURTON-ON-TRENT","","DE14 2WF","20130401","","","RO319","","","","","","","","1","","","","",""
"05F","NHS HEREFORDSHIRE CCG","Y60","QGH","ST. OWENS CHAMBERS","22 ST. OWEN STREET","","HEREFORD","","HR1 2PL","20130401","20200331","","","","","","","","","","1","","","","",""
"05G","NHS STAFFORDSHIRE AND STOKE-ON-TRENT ICB - 05G","Y60","QNC","MORSTON HOUSE","THE MIDWAY","","NEWCASTLE","","ST5 1QG","20130401","","","RO319","","","","","","","","1","","","","",""
"05H","NHS WARWICKSHIRE NORTH CCG","Y60","QWU","WESTGATE HOUSE","21 MARKET STREET","","WARWICK","","CV34 4DE","20130401","20210331","","","","","","","","","","1","","","","",""
"05J","NHS REDDITCH AND BROMSGROVE CCG","Y60","QGH","BARNSLEY COURT","BARNSLEY HALL ROAD","","BROMSGROVE","","B61 0TX","20130401","20200331","","","","","","","","","","1","","","","",""
"05L","NHS SANDWELL AND WEST BIRMINGHAM CCG","Y60","QUA","KINGSTON HOUSE","438-450 HIGH STREET","","WEST BROMWICH","","B70 9LD","20130401","20210331","","","","","","","","","","1","","","","",""
"05N","NHS SHROPSHIRE CCG","Y60","QOC","WILLIAM FARR HOUSE","MYTTON OAK ROAD","","SHREWSBURY","","SY3 8XL","20130401","20210331","","","","","","","","","","1","","","","",""
"05P","NHS SOLIHULL CCG","Y60","QHL","FRIARS GATE","1011 STRATFORD ROAD","SHIRLEY","SOLIHULL","","B90 4BN","20130401","20180331","","","","","","","","","","1","","","","",""
"05Q","NHS STAFFORDSHIRE AND STOKE-ON-TRENT ICB - 05Q","Y60","QNC","MERLIN HOUSE","BITTERSCOTE","ETCHELL ROAD","TAMWORTH","","B78 3HF","20130401","","","RO319","","","","","","","","1","","","","",""
"05R","NHS SOUTH WARWICKSHIRE CCG","Y60","QWU","WESTGATE HOUSE","21 MARKET STREET","","WARWICK","","CV34 4DE","20130401","20210331","","","","","","","","","","1","","","","",""
"05T","NHS SOUTH WORCESTERSHIRE CCG","Y60","QGH","GROUND FLOOR, WEST WING","WORCESTERSHIRE COUNTRYSIDE CENTRE","WILDWOOD DRIVE","WORCESTER","","WR5 2LG","20130401","20200331","","","","","","","","","","1","","","","",""
"05V","NHS STAFFORDSHIRE AND STOKE-ON-TRENT ICB - 05V","Y60","QNC","STAFFORDSHIRE PLACE 2","","","STAFFORD","","ST16 2LP","20130401","","","RO319","","","","","","","","1","","","","",""
"05W","NHS STAFFORDSHIRE AND STOKE-ON-TRENT ICB - 05W","Y60","QNC","HERBERT MINTON BUILDING","79 LONDON ROAD","","STOKE-ON-TRENT","","ST4 7PZ","20130401","","","RO319","","","","","","","","1","","","","",""
"05X","NHS TELFORD AND WREKIN CCG","Y60","QOC","HALESFIELD 6","EPIC PARK","","TELFORD","","TF7 4BF","20130401","20210331","","","","","","","","","","1","","","","",""
"05Y","NHS WALSALL CCG","Y60","QUA","JUBILEE HOUSE","BLOXWICH LANE","","WALSALL","","WS2 7JL","20130401","20210331","","","","","","","","","","1","","","","",""
"06A","NHS WOLVERHAMPTON CCG","Y60","QUA","TECHNOLOGY CENTRE","GLAISHER DRIVE","WOLVERHAMPTON SCIENCE PARK","WOLVERHAMPTON","","WV10 9RU","20130401","20210331","","","","","","","","","","1","","","","",""
"06D","NHS WYRE FOREST CCG","Y60","QGH","BARNSLEY COURT","BARNSLEY HALL ROAD","","BROMSGROVE","","B61 0TX","20130401","20200331","","","","","","","","","","1","","","","",""
"06F","NHS BEDFORDSHIRE CCG","Y61","QHG","CAPABILITY HOUSE","WREST PARK","SILSOE","BEDFORD","","MK45 4HR","20130401","20210331","","","","","","","","","","1","","","","",""
"06H","NHS CAMBRIDGESHIRE AND PETERBOROUGH ICB - 06H","Y61","QUE","GEMINI HOUSE","1 BARTHOLEMEWS WALK","","ELY","","CB7 4EA","20130401","","","RO319","","","","","","","","1","","","","",""
"06K","NHS HERTFORDSHIRE AND WEST ESSEX ICB - 06K","Y61","QM7","CHARTER HOUSE","PARKWAY","","WELWYN GARDEN CITY","","AL8 6JL","20130401","","","RO319","","","","","","","","1","","","","",""
"06L","NHS SUFFOLK AND NORTH EAST ESSEX ICB - 06L","Y61","QJG","ENDEAVOUR HOUSE","RUSSELL ROAD","","IPSWICH","","IP1 2BX","20130401","","","RO319","","","","","","","","1","","","","",""
"06M","NHS GREAT YARMOUTH AND WAVENEY CCG","Y61","QMM","BECCLES HOUSE","1 COMMON LANE NORTH","","BECCLES","","NR34 9BN","20130401","20200331","","","","","","","","","","1","","","","",""
"06N","NHS HERTFORDSHIRE AND WEST ESSEX ICB - 06N","Y61","QM7","THE FORUM","MARLOWES","","HEMEL HEMPSTEAD","","HP1 1DN","20130401","","","RO319","","","","","","","","1","","","","",""
"06P","NHS LUTON CCG","Y61","QHG","3RD FLOOR","ARNDALE HOUSE","THE MALL","LUTON","","LU1 2LJ","20130401","20210331","","","","","","","","","","1","","","","",""
"06Q","NHS MID AND SOUTH ESSEX ICB - 06Q","Y61","QH8","WREN HOUSE","HEDGEROWS BUSINESS PARK","COLCHESTER ROAD","CHELMSFORD","","CM2 5PF","20130401","","","RO319","","","","","","","","1","","","","",""
"06T","NHS SUFFOLK AND NORTH EAST ESSEX ICB - 06T","Y61","QJG","ROWAN HOUSE","33 SHEEPEN ROAD","","COLCHESTER","","CO3 3WG","20130401","","","RO319","","","","","","","","1","","","","",""
"06V","NHS NORTH NORFOLK CCG","Y61","QMM","LAKESIDE 400","OLD CHAPEL WAY","BROADLAND BUSINESS PARK","NORWICH","","NR7 0WG","20130401","20200331","","","","","","","","","","1","","","","",""
"06W","NHS NORWICH CCG","Y61","QMM","ROOM 202","NORWICH CITY HALL","ST PETERS STREET","NORWICH","","NR2 1NH","20130401","20200331","","","","","","","","","","1","","","","",""
"06Y","NHS SOUTH NORFOLK CCG","Y61","QMM","LAKESIDE 400","OLD CHAPEL WAY","BROADLAND BUSINESS PARK","NORWICH","","NR7 0WG","20130401","20200331","","","","","","","","","","1","","","","",""
"07G","NHS MID AND SOUTH ESSEX ICB - 07G","Y61","QH8","CIVIC OFFICES","NEW ROAD","","GRAYS","","RM17 6SL","20130401","","","RO319","","","","","","","","1","","","","",""
"07H","NHS HERTFORDSHIRE AND WEST ESSEX ICB - 07H","Y61","QM7","FIRST FLOOR, KAO PARK 2","LONDON ROAD","","HARLOW","","CM17 9NA","20130401","","","RO319","","","","","","","","1","","","","",""
"07J","NHS WEST NORFOLK CCG","Y61","QMM","KINGS COURT","CHAPEL STREET","","KING'S LYNN","","PE30 1EL","20130401","20200331","","","","","","","","","","1","","","","",""
"07K","NHS SUFFOLK AND NORTH EAST ESSEX ICB - 07K","Y61","QJG","WEST SUFFOLK HOUSE","WESTERN WAY","","BURY ST. EDMUNDS","","IP33 3YU","20130401","","","RO319","","","","","","","","1","","","","",""
"07L","NHS BARKING AND DAGENHAM CCG","Y56","QMF","6TH FLOOR","NORTH HOUSE","ST. EDWARDS WAY","ROMFORD","","RM1 3AE","20130401","20210331","","","","","","","","","","1","","","","",""
"07M","NHS BARNET CCG","Y56","QMJ","GROUND FLOOR, BUILDING 2","NORTH LONDON BUSINESS PARK","OAKLEIGH ROAD SOUTH, NEW SOUTHGATE","LONDON","","N11 1NP","20130401","20200331","","","","","","","","","","1","","","","",""
"07N","NHS BEXLEY CCG","Y56","QKK","CIVIC OFFICES","2 WATLING STREET","","BEXLEYHEATH","","DA6 7AT","20130401","20200331","","","","","","","","","","1","","","","",""
"07P","NHS BRENT CCG","Y56","QRV","WEMBLEY CENTRE FOR HEALTH & CARE","CHAPLIN ROAD","","WEMBLEY","","HA0 4UZ","20130401","20210331","","","","","","","","","","1","","","","",""
"07Q","NHS BROMLEY CCG","Y56","QKK","BECKENHAM BEACON","379 CROYDON ROAD","","BECKENHAM","","BR3 3QL","20130401","20200331","","","","","","","","","","1","","","","",""
"07R","NHS CAMDEN CCG","Y56","QMJ","EUSTON TOWER","286 EUSTON ROAD","","LONDON","","NW1 3DP","20130401","20200331","","","","","","","","","","1","","","","",""
"07T","NHS CITY AND HACKNEY CCG","Y56","QMF","3RD FLOOR A BLOCK","ST LEONARDS HOSPITAL","NUTTALL STREET","LONDON","","N1 5LZ","20130401","20210331","","","","","","","","","","1","","","","",""
"07V","NHS CROYDON CCG","Y56","QWE","LEON HOUSE","233 HIGH STREET","","CROYDON","","CR0 9XT","20130401","20200331","","","","","","","","","","1","","","","",""
"07W","NHS EALING CCG","Y56","QRV","PERCEVAL HOUSE","14-16 UXBRIDGE ROAD","","LONDON","","W5 2HL","20130401","20210331","","","","","","","","","","1","","","","",""
"07X","NHS ENFIELD CCG","Y56","QMJ","HOLBROOK HOUSE","COCKFOSTERS ROAD","","BARNET","","EN4 0DY","20130401","20200331","","","","","","","","","","1","","","","",""
"07Y","NHS HOUNSLOW CCG","Y56","QRV","HOUNSLOW HOUSE","5TH FLOOR","7 BATH ROAD","HOUNSLOW","","TW3 3EB","20130401","20210331","","","","","","","","","","1","","","","",""
"08A","NHS GREENWICH CCG","Y56","QKK","THE WOOLWICH CENTRE","35 WELLINGTON STREET","WOOLWICH","LONDON","","SE18 6ND","20130401","20200331","","","","","","","","","","1","","","","",""
"08C","NHS HAMMERSMITH AND FULHAM CCG","Y56","QRV","15 MARYLEBONE ROAD","","","LONDON","","NW1 5JD","20130401","20210331","","","","","","","","","","1","","","","",""
"08D","NHS HARINGEY CCG","Y56","QMJ","RIVER PARK HOUSE","225 HIGH ROAD","WOOD GREEN","LONDON","","N22 8HQ","20130401","20200331","","","","","","","","","","1","","","","",""
"08E","NHS HARROW CCG","Y56","QRV","4TH FLOOR","THE HEIGHTS","59-65 LOWLANDS ROAD","HARROW","","HA1 3AW","20130401","20210331","","","","","","","","","","1","","","","",""
"08F","NHS HAVERING CCG","Y56","QMF","6TH FLOOR","NORTH HOUSE","ST EDWARDS WAY","ROMFORD","","RM1 3AE","20130401","20210331","","","","","","","","","","1","","","","",""
"08G","NHS HILLINGDON CCG","Y56","QRV","BOUNDARY HOUSE","CRICKET FIELD ROAD","","UXBRIDGE","","UB8 1QG","20130401","20210331","","","","","","","","","","1","","","","",""
"08H","NHS ISLINGTON CCG","Y56","QMJ","2ND FLOOR","LAYCOCK PROFESSIONAL DEVELOPMENT","LAYCOCK STREET","LONDON","","N1 1TH","20130401","20200331","","","","","","","","","","1","","","","",""
"08J","NHS KINGSTON CCG","Y56","QWE","3RD FLOOR, GUILDHALL 1","HIGH STREET","","KINGSTON UPON THAMES","","KT1 1EU","20130401","20200331","","","","","","","","","","1","","","","",""
"08K","NHS LAMBETH CCG","Y56","QKK","1 LOWER MARSH","WATERLOO","","LONDON","","SE1 7NT","20130401","20200331","","","","","","","","","","1","","","","",""
"08L","NHS LEWISHAM CCG","Y56","QKK","CANTILEVER HOUSE","ELTHAM ROAD","LEE","LONDON","","SE12 8RN","20130401","20200331","","","","","","","","","","1","","","","",""
"08M","NHS NEWHAM CCG","Y56","QMF","4TH FLOOR","UNEX TOWER","5 STATION STREET","LONDON","","E15 1DA","20130401","20210331","","","","","","","","","","1","","","","",""
"08N","NHS REDBRIDGE CCG","Y56","QMF","6TH FLOOR","NORTH HOUSE","ST EDWARDS WAY","ROMFORD","","RM1 3AE","20130401","20210331","","","","","","","","","","1","","","","",""
"08P","NHS RICHMOND CCG","Y56","QWE","CIVIC CENTRE","44 YORK STREET","","TWICKENHAM","","TW1 3BZ","20130401","20200331","","","","","","","","","","1","","","","",""
"08Q","NHS SOUTHWARK CCG","Y56","QKK","160 TOOLEY STREET","","","LONDON","","SE1 2QH","20130401","20200331","","","","","","","","","","1","","","","",""
"08R","NHS MERTON CCG","Y56","QWE","120 THE BROADWAY","WIMBLEDON","","LONDON","","SW19 1RH","20130401","20200331","","","","","","","","","","1","","","","",""
"08T","NHS SUTTON CCG","Y56","QWE","PRIORY CRESCENT","CHEAM","","SUTTON","","SM3 8LR","20130401","20200331","","","","","","","","","","1","","","","",""
"08V","NHS TOWER HAMLETS CCG","Y56","QMF","2ND FLOOR ALDERNEY BUILDING","MILE END HOSPITAL","BANCROFT ROAD","LONDON","","E1 4DG","20130401","20210331","","","","","","","","","","1","","","","",""
"08W","NHS WALTHAM FOREST CCG","Y56","QMF","KIRKDALE HOUSE","7 KIRKDALE ROAD","","LONDON","","E11 1HP","20130401","20210331","","","","","","","","","","1","","","","",""
"08X","NHS WANDSWORTH CCG","Y56","QWE","1ST FLOOR","73-75 UPPER RICHMOND ROAD","","LONDON","","SW15 2SR","20130401","20200331","","","","","","","","","","1","","","","",""
"08Y","NHS WEST LONDON CCG","Y56","QRV","15 MARYLEBONE ROAD","","","LONDON","","NW1 5JD","20130401","20210331","","","","","","","","","","1","","","","",""
"09A","NHS CENTRAL LONDON (WESTMINSTER) CCG","Y56","QRV","15 MARYLEBONE ROAD","","","LONDON","","NW1 5JD","20130401","20210331","","","","","","","","","","1","","","","",""
"09C","NHS ASHFORD CCG","Y59","QKS","INCA HOUSE","TRINITY ROAD","EUREKA SCIENCE PARK","ASHFORD","","TN25 4AB","20130401","20200331","","","","","","","","","","1","","","","",""
"09D","NHS SUSSEX ICB - 09D","Y59","QNX","HOVE TOWN HALL","NORTON ROAD","","HOVE","","BN3 4AH","20130401","","","RO319","","","","","","","","1","","","","",""
"09E","NHS CANTERBURY AND COASTAL CCG","Y59","QKS","COUNCIL OFFICES","MILITARY ROAD","","CANTERBURY","","CT1 1YW","20130401","20200331","","","","","","","","","","1","","","","",""
"09F","NHS EASTBOURNE, HAILSHAM AND SEAFORD CCG","Y59","QNX","36-38 FRIARS WALK","","","LEWES","","BN7 2PB","20130401","20200331","","","","","","","","","","1","","","","",""
"09G","NHS COASTAL WEST SUSSEX CCG","Y59","QNX","1 THE CAUSEWAY","GORING-BY-SEA","","WORTHING","","BN12 6BT","20130401","20200331","","","","","","","","","","1","","","","",""
"09H","NHS CRAWLEY CCG","Y59","QNX","LOWER GROUND FLOOR, RED WING","CRAWLEY HOSPITAL","WEST GREEN DRIVE","CRAWLEY","","RH11 7DH","20130401","20200331","","","","","","","","","","1","","","","",""
"09J","NHS DARTFORD, GRAVESHAM AND SWANLEY CCG","Y59","QKS","GRAVESHAM CIVIC CENTRE","WINDMILL STREET","","GRAVESEND","","DA12 1AU","20130401","20200331","","","","","","","","","","1","","","","",""
"09L","NHS EAST SURREY CCG","Y59","QXU","TANDRIDGE DISTRICT COUNCIL","COUNCIL OFFICES","8 STATION ROAD EAST","OXTED","","RH8 0BT","20130401","20200331","","","","","","","","","","1","","","","",""
"09N","NHS GUILDFORD AND WAVERLEY CCG","Y59","QXU","DOMINION HOUSE","WOODBRIDGE ROAD","","GUILDFORD","","GU1 4PU","20130401","20200331","","","","","","","","","","1","","","","",""
"09P","NHS HASTINGS AND ROTHER CCG","Y59","QNX","BEXHILL HOSPITAL","HOLLIERS HILL","","BEXHILL-ON-SEA","","TN40 2DZ","20130401","20200331","","","","","","","","","","1","","","","",""
"09W","NHS MEDWAY CCG","Y59","QKS","50 PEMBROKE COURT","CHATHAM MARITIME","","CHATHAM","","ME4 4EL","20130401","20200331","","","","","","","","","","1","","","","",""
"09X","NHS HORSHAM AND MID SUSSEX CCG","Y59","QNX","LOWER GROUND FLOOR, RED WING","CRAWLEY HOSPITAL","WEST GREEN DRIVE","CRAWLEY","","RH11 7DH","20130401","20200331","","","","","","","","","","1","","","","",""
"09Y","NHS NORTH WEST SURREY CCG","Y59","QXU","58 CHURCH STREET","","","WEYBRIDGE","","KT13 8DP","20130401","20200331","","","","","","","","","","1","","","","",""
"10A","NHS SOUTH KENT COAST CCG","Y59","QKS","DOVER DISTRICT COUNCIL","HONEYWOOD CLOSE","WHITFIELD","DOVER","","CT16 3PJ","20130401","20200331","","","","","","","","","","1","","","","",""
"10C","NHS SURREY HEATH CCG","Y59","QNQ","SURREY HEATH HOUSE","KNOLL ROAD","","CAMBERLEY","","GU15 3HD","20130401","20210331","","","","","","","","","","1","","","","",""
"10D","NHS SWALE CCG","Y59","QKS","BRAMBLEFIELD CLINIC","GROVEHURST ROAD","KEMSLEY","SITTINGBOURNE","","ME10 2ST","20130401","20200331","","","","","","","","","","1","","","","",""
"10E","NHS THANET CCG","Y59","QKS","THANET DISTRICT COUNCIL","CECIL STREET","","MARGATE","","CT9 1XZ","20130401","20200331","","","","","","","","","","1","","","","",""
"10G","NHS BRACKNELL AND ASCOT CCG","Y59","QNQ","KING EDWARD VII HOSPITAL","ST. LEONARDS ROAD","","WINDSOR","","SL4 3DP","20130401","20180331","","","","","","","","","","1","","","","",""
"10H","NHS CHILTERN CCG","Y59","QU9","ROOM XR37, 2ND FLOOR","AMERSHAM HOSPITAL","WHIELDEN STREET","AMERSHAM","","HP7 0JD","20130401","20180331","","","","","","","","","","1","","","","",""
"10J","NHS NORTH HAMPSHIRE CCG","Y59","QRL","CENTRAL 40 LIME TREE WAY","CROCKFORD LANE","CHINEHAM BUSINESS PARK, CHINEHAM","BASINGSTOKE","","RG24 8GU","20130401","20210331","","","","","","","","","","1","","","","",""
"10K","NHS FAREHAM AND GOSPORT CCG","Y59","QRL","COMMCEN BUILDING","FORT SOUTHWICK","JAMES CALLAGHAN DRIVE","FAREHAM","","PO17 6AR","20130401","20210331","","","","","","","","","","1","","","","",""
"10L","NHS ISLE OF WIGHT CCG","Y59","QRL","UNIT A","THE APEX","ST CROSS BUSINESS PARK","NEWPORT","","PO30 5XW","20130401","20210331","","","","","","","","","","1","","","","",""
"10M","NHS NEWBURY AND DISTRICT CCG","Y59","QU9","23A KINGFISHER COURT","HAMBRIDGE ROAD","","NEWBURY","","RG14 5SJ","20130401","20180331","","","","","","","","","","1","","","","",""
"10N","NHS NORTH AND WEST READING CCG","Y59","QU9","57-59 BATH ROAD","","","READING","","RG30 2BA","20130401","20180331","","","","","","","","","","1","","","","",""
"10Q","NHS BUCKINGHAMSHIRE, OXFORDSHIRE AND BERKSHIRE WEST ICB - 10Q","Y59","QU9","JUBILEE HOUSE","5510 JOHN SMITH DRIVE","OXFORD BUSINESS PARK SOUTH","OXFORD","","OX4 2LH","20130401","","","RO319","","","","","","","","1","","","","",""
"10R","NHS HAMPSHIRE AND ISLE OF WIGHT ICB - 10R","Y59","QRL","4TH FLOOR","1 GUILDHALL SQUARE","","PORTSMOUTH","","PO1 2GJ","20130401","","","RO319","","","","","","","","1","","","","",""
"10T","NHS SLOUGH CCG","Y59","QNQ","UPTON HOSPITAL","ALBERT STREET","","SLOUGH","","SL1 2BJ","20130401","20180331","","","","","","","","","","1","","","","",""
"10V","NHS SOUTH EASTERN HAMPSHIRE CCG","Y59","QRL","COMMCEN BUILDING","FORT SOUTHWICK","JAMES CALLAGHAN DRIVE","FAREHAM","","PO17 6AR","20130401","20210331","","","","","","","","","","1","","","","",""
"10W","NHS SOUTH READING CCG","Y59","QU9","UNIVERSITY MEDICAL CENTRE","9-11 NORTHCOURT AVENUE","","READING","","RG2 7HE","20130401","20180331","","","","","","","","","","1","","","","",""
"10X","NHS SOUTHAMPTON CCG","Y59","QRL","OAKLEY ROAD","","","SOUTHAMPTON","","SO16 4GX","20130401","20210331","","","","","","","","","","1","","","","",""
"10Y","NHS AYLESBURY VALE CCG","Y59","QU9","VERNEY HOUSE","GATESHEAD ROAD","","AYLESBURY","","HP19 8ET","20130401","20180331","","","","","","","","","","1","","","","",""
"11A","NHS WEST HAMPSHIRE CCG","Y59","QRL","OMEGA HOUSE","112 SOUTHAMPTON ROAD","","EASTLEIGH","","SO50 5PB","20130401","20210331","","","","","","","","","","1","","","","",""
"11C","NHS WINDSOR, ASCOT AND MAIDENHEAD CCG","Y59","QNQ","KING EDWARD VII HOSPITAL","ST LEONARD ROAD","","WINDSOR","","SL4 3DP","20130401","20180331","","","","","","","","","","1","","","","",""
"11D","NHS WOKINGHAM CCG","Y59","QU9","CHALFONT SURGERY","CHALFONT CLOSE","EARLEY","READING","","RG6 5HZ","20130401","20180331","","","","","","","","","","1","","","","",""
"11E","NHS BATH AND NORTH EAST SOMERSET CCG","Y58","QOX","ST MARTINS HOSPITAL","CLARA CROSS LANE","","BATH","","BA2 5RP","20130401","20200331","","","","","","","","","","1","","","","",""
"11H","NHS BRISTOL CCG","Y58","QUY","SOUTH PLAZA","MARLBOROUGH STREET","","BRISTOL","","BS1 3NX","20130401","20180331","","","","","","","","","","1","","","","",""
"11J","NHS DORSET ICB - 11J","Y58","QVV","VESPASIAN HOUSE","BRIDPORT ROAD","","DORCHESTER","","DT1 1TG","20130401","","","RO319","","","","","","","","1","","","","",""
"11M","NHS GLOUCESTERSHIRE ICB - 11M","Y58","QR1","SHIRE HALL","WESTGATE STREET","","GLOUCESTER","","GL1 2TG","20130401","","","RO319","","","","","","","","1","","","","",""
"11N","NHS CORNWALL AND THE ISLES OF SCILLY ICB - 11N","Y58","QT6","PART 2S CHY TREVAIL","BEACON TECHNOLOGY PARK","","BODMIN","","PL31 2FR","20130401","","","RO319","","","","","","","","1","","","","",""
"11T","NHS NORTH SOMERSET CCG","Y58","QUY","CASTLEWOOD","TICKENHAM ROAD","","CLEVEDON","","BS21 6FW","20130401","20180331","","","","","","","","","","1","","","","",""
"11X","NHS SOMERSET ICB - 11X","Y58","QSL","WYNFORD HOUSE","LUFTON WAY","LUFTON","YEOVIL","","BA22 8HR","20130401","","","RO319","","","","","","","","1","","","","",""
"12A","NHS SOUTH GLOUCESTERSHIRE CCG","Y58","QUY","CORUM 2, CORUM OFFICE PARK","CROWN WAY","WARMLEY","BRISTOL","","BS30 8FJ","20130401","20180331","","","","","","","","","","1","","","","",""
"12D","NHS SWINDON CCG","Y58","QOX","THE PIERRE SIMONET BUILDING","GATEWAY NORTH","LATHAM ROAD","SWINDON","","SN25 4DL","20130401","20200331","","","","","","","","","","1","","","","",""
"12F","NHS CHESHIRE AND MERSEYSIDE ICB - 12F","Y62","QYG","HAMILTON STREET","","","BIRKENHEAD","","CH41 5AA","20130401","","","RO319","","","","","","","","1","","","","",""
"13N","WESSEX COMMISSIONING HUB","Y63","QWO","C/O NHS ENGLAND","1W09, 1ST FLOOR, QUARRY HOUSE","QUARRY HILL","LEEDS","","LS2 7UE","20130401","20200331","","RO218","","","","","","","","1","","","","",""
"13P","NHS BIRMINGHAM CROSSCITY CCG","Y60","QHL","BARTHOLOMEW HOUSE","142 HAGLEY ROAD","","BIRMINGHAM","","B16 9PA","20130401","20180331","","","","","","","","","","1","","","","",""
"13Q","NATIONAL COMMISSIONING HUB 1","Y63","QWO","C/O NHS ENGLAND","1W09, IST FLOOR, QUARRY HOUSE","QUARRY HILL","LEEDS","","LS2 7UE","20130401","","","RO218","","","","","","","","1","","","","",""
"13R","LONDON COMMISSIONING HUB","Y63","QWO","C/O NHS COMMISIONING BOARD","QUARRY HOUSE","QUARRY HILL","LEEDS","","LS2 7UE","20130401","","","RO218","","","","","","","","1","","","","",""
"13T","NHS NORTH EAST AND NORTH CUMBRIA ICB - 13T","Y63","QHM","RIVERSIDE HOUSE","GOLDCREST WAY","","NEWCASTLE UPON TYNE","","NE15 8NY","20141126","","","RO319","","","","","","","","1","","","","",""
"13V","YORKSHIRE AND HUMBER COMMISSIONING HUB","Y63","QWO","C/O NHS ENGLAND, 1W09, 1ST FLOOR","QUARRY HOUSE","QUARRY HILL","LEEDS","","LS2 7UE","20150401","20200331","","RO218","","","","","","","","1","","","","",""
"13W","LANCASHIRE AND GREATER MANCHESTER COMMISSIONING HUB","Y63","QWO","NHS ENGLAND, 1W09, 1ST FLOOR","QUARRY HOUSE","QUARRY HILL","LEEDS","","LS2 7UE","20150401","20200331","","RO218","","","","","","","","1","","","","",""
"13X","CUMBRIA AND NORTH EAST COMMISSIONING HUB","Y63","QWO","C/O NHS ENGLAND, 1W09, 1ST FLOOR","QUARRY HOUSE","QUARRY HILL","LEEDS","","LS2 7UE","20150401","20200331","","RO218","","","","","","","","1","","","","",""
"13Y","CHESHIRE AND MERSEYSIDE COMMISSIONING HUB","Y63","QWO","C/O NHS ENGLAND, 1W09, 1ST FLOOR","QUARRY HOUSE","QUARRY HILL","LEEDS","","LS2 7UE","20150401","20200331","","RO218","","","","","","","","1","","","","",""
"14A","MIDLANDS COMMISSIONING HUB","Y63","QWO","C/O NHS ENGLAND, 1W09, 1ST FLOOR","QUARRY HOUSE","QUARRY HILL","LEEDS","","LS2 7UE","20150401","","","RO218","","","","","","","","1","","","","",""
"14C","WEST MIDLANDS COMMISSIONING HUB","Y63","QWO","C/O NHS ENGLAND, 1W09, 1ST FLOOR","QUARRY HOUSE","QUARRY HILL","LEEDS","","LS2 7UE","20150401","20200331","","RO218","","","","","","","","1","","","","",""
"14D","CENTRAL MIDLANDS COMMISSIONING HUB","Y63","QWO","C/O NHS ENGLAND, 1W09, 1ST FLOOR","QUARRY HOUSE","QUARRY HILL","LEEDS","","LS2 7UE","20150401","20200331","","RO218","","","","","","","","1","","","","",""
"14E","EAST OF ENGLAND COMMISSIONING HUB","Y63","QWO","C/O NHS ENGLAND, 1W09, 1ST FLOOR","QUARRY HOUSE","QUARRY HILL","LEEDS","","LS2 7UE","20150401","","","RO218","","","","","","","","1","","","","",""
"14F","SOUTH WEST COMMISSIONING HUB","Y63","QWO","C/O NHS ENGLAND, 1W09, 1ST FLOOR","QUARRY HOUSE","QUARRY HILL","LEEDS","","LS2 7UE","20150401","","","RO218","","","","","","","","1","","","","",""
"14G","SOUTH EAST COMMISSIONING HUB","Y63","QWO","C/O NHS ENGLAND, 1W09, 1ST FLOOR","QUARRY HOUSE","QUARRY HILL","LEEDS","","LS2 7UE","20150401","","","RO218","","","","","","","","1","","","","",""
"14H","SOUTH CENTRAL COMMISSIONING HUB","Y63","QWO","C/O NHS ENGLAND, 1W09, 1ST FLOOR","QUARRY HOUSE","QUARRY HILL","LEEDS","","LS2 7UE","20150401","20200331","","RO218","","","","","","","","1","","","","",""
"14J","GREATER MANCHESTER COMMISSIONING HUB","Y62","QOP","4TH FLOOR","PICCADILLY PLACE","LONDON ROAD","MANCHESTER","","M1 3BN","20160401","20200331","","RO218","","","","","","","","1","","","","",""
"14K","LANCASHIRE COMMISSIONING HUB","Y63","QWO","C/O NHS ENGLAND","1W09 1ST FLOOR QUARRY HOUSE","QUARRY HILL","LEEDS","","LS2 7UE","20160401","20200331","","RO218","","","","","","","","1","","","","",""
"14L","NHS GREATER MANCHESTER ICB - 14L","Y62","QOP","PARKWAY 3","PARKWAY BUSINESS CENTRE","PRINCESS ROAD","MANCHESTER","","M14 7LU","20170401","","","RO319","","","","","","","","1","","","","",""
"14M","LONDON - H&J COMMISSIONING HUB","Y63","QWO","C/O NHS COMMISSIONING BOARD","QUARRY HOUSE","QUARRY HILL","LEEDS","","LS2 7UE","20170401","","","RO218","","","","","","","","1","","","","",""
"14N","YORKSHIRE AND HUMBER - H&J COMMISSIONING HUB","Y63","QWO","C/O NHS ENGLAND","1W09, 1ST FLOOR, QUARRY HOUSE","QUARRY HILL","LEEDS","","LS2 7UE","20170401","20200331","","RO218","","","","","","","","1","","","","",""
"14P","CUMBRIA AND NORTH EAST - H&J COMMISSIONING HUB","Y63","QWO","C/O NHS ENGLAND","1W09, 1ST FLOOR, QUARRY HOUSE","QUARRY HILL","LEEDS","","LS2 7UE","20170401","20200331","","RO218","","","","","","","","1","","","","",""
"14Q","MIDLANDS - H&J COMMISSIONING HUB","Y63","QWO","C/O NHS ENGLAND","1W09, FIRST FLOOR, QUARRY HOUSE","QUARRY HILL","LEEDS","","LS2 7UE","20170401","","","RO218","","","","","","","","1","","","","",""
"14R","EAST OF ENGLAND - H&J COMMISSIONING HUB","Y63","QWO","C/O NHS ENGLAND","1W09, 1ST FLOOR, QUARRY HOUSE","QUARRY HILL","LEEDS","","LS2 7UE","20170401","","","RO218","","","","","","","","1","","","","",""
"14T","SOUTH WEST - H&J COMMISSIONING HUB","Y63","QWO","C/O NHS ENGLAND","1W09, 1ST FLOOR, QUARRY HOUSE","QUARRY HILL","LEEDS","","LS2 7UE","20170401","","","RO218","","","","","","","","1","","","","",""
"14V","KENT, SURREY AND SUSSEX - H&J COMMISSIONING HUB","Y63","QWO","C/O NHS ENGLAND","1W09, 1ST FLOOR, QUARRY HOUSE","QUARRY HILL","LEEDS","","LS2 7UE","20170401","20200331","","RO218","","","","","","","","1","","","","",""
"14W","HAMPSHIRE, ISLE OF WIGHT AND THAMES VALLEY - H&J COMMISSIONING HUB","Y63","QWO","C/O NHS ENGLAND","1W09, 1ST FLOOR, QUARRY HOUSE","QUARRY HILL","LEEDS","","LS2 7UE","20170401","20200331","","RO218","","","","","","","","1","","","","",""
"14X","LANCASHIRE - H&J COMMISSIONING HUB","Y63","QWO","C/O NHS ENGLAND","1W09, 1ST FLOOR, QUARRY HOUSE","QUARRY HILL","LEEDS","","LS2 7UE","20170401","20200331","","RO218","","","","","","","","1","","","","",""
"14Y","NHS BUCKINGHAMSHIRE, OXFORDSHIRE AND BERKSHIRE WEST ICB - 14Y","Y59","QU9","STUDY CENTRE","NEW COUNTY OFFICES","WALTON STREET","AYLESBURY","","HP20 1UA","20180401","","","RO319","","","","","","","","1","","","","",""
"15A","NHS BUCKINGHAMSHIRE, OXFORDSHIRE AND BERKSHIRE WEST ICB - 15A","Y59","QU9","57-59 BATH ROAD","","","READING","","RG30 2BA","20180401","","","RO319","","","","","","","","1","","","","",""
"15C","NHS BRISTOL, NORTH SOMERSET AND SOUTH GLOUCESTERSHIRE ICB - 15C","Y58","QUY","SOUTH PLAZA","MARLBOROUGH STREET","","BRISTOL","","BS1 3NX","20180401","","","RO319","","","","","","","","1","","","","",""
"15D","NHS EAST BERKSHIRE CCG","Y59","QNQ","KING EDWARD VII HOSPITAL","ST LEONARDS ROAD","","WINDSOR","","SL4 3DP","20180401","20210331","","","","","","","","","","1","","","","",""
"15E","NHS BIRMINGHAM AND SOLIHULL ICB - 15E","Y60","QHL","ALPHA TOWER","8TH FLOOR","SUFFOLK STREET QUEENSWAY","BIRMINGHAM","","B1 1TT","20180401","","","RO319","","","","","","","","1","","","","",""
"15F","NHS WEST YORKSHIRE ICB - 15F","Y63","QWO","SUITES 2 - 4 WIRA HOUSE","RING ROAD","WEST PARK","LEEDS","","LS16 6EB","20180401","","","RO319","","","","","","","","1","","","","",""
"15G","SOUTH WEST SOUTH COMMISSIONING HUB","Y63","QWO","NHS ENGLAND","QUARRY HOUSE","QUARRY HILL","LEEDS","","LS2 7UE","20180401","20200331","","RO218","","","","","","","","1","","","","",""
"15H","SOUTH WEST NORTH COMMISSIONING HUB","Y63","QWO","NHS ENGLAND","QUARRY HOUSE","QUARRY HILL","LEEDS","","LS2 7UE","20180401","20200331","","RO218","","","","","","","","1","","","","",""
"15J","HAMPSHIRE, ISLE OF WIGHT AND THAMES VALLEY COMMISSIONING HUB","Y63","QWO","NHS ENGLAND","QUARRY HOUSE","QUARRY HILL","LEEDS","","LS2 7UE","20180401","20200331","","RO218","","","","","","","","1","","","","",""
"15K","KENT, SURREY AND SUSSEX COMMISSIONING HUB","Y63","QWO","NHS ENGLAND","QUARRY HOUSE","QUARRY HILL","LEEDS","","LS2 7UE","20180401","20200331","","RO218","","","","","","","","1","","","","",""
"15L","NATIONAL COMMISSIONING HUB 2","Y63","QWO","C/O NHS ENGLAND","1W09, IST FLOOR, QUARRY HOUSE","QUARRY HILL","LEEDS","","LS2 7UE","20180401","","","RO218","","","","","","","","1","","","","",""
"15M","NHS DERBY AND DERBYSHIRE ICB - 15M","Y60","QJ2","CARDINAL SQUARE","10 NOTTINGHAM ROAD","","DERBY","","DE1 3QT","20190401","","","RO319","","","","","","","","1","","","","",""
"15N","NHS DEVON ICB - 15N","Y58","QJK","APERTURE HOUSE","PYNES HILL","","EXETER","","EX2 5AZ","20190401","","","RO319","","","","","","","","1","","","","",""
"16C","NHS NORTH EAST AND NORTH CUMBRIA ICB - 16C","Y63","QHM","NORTH ORMESBY HEALTH VILLAGE","FIRST FLOOR, 14 TRINITY MEWS","NORTH ORMESBY","MIDDLESBROUGH","","TS3 6AL","20200401","","","RO319","","","","","","","","1","","","","",""
"18C","NHS HEREFORDSHIRE AND WORCESTERSHIRE ICB - 18C","Y60","QGH","KIRKHAM HOUSE","JOHN COMYN DRIVE","","WORCESTER","","WR3 7NS","20200401","","","RO319","","","","","","","","1","","","","",""
"26A","NHS NORFOLK AND WAVENEY ICB - 26A","Y61","QMM","LAKESIDE 400","OLD CHAPEL WAY","BROADLAND BUSINESS PARK","NORWICH","","NR7 0WG","20200401","","","RO319","","","","","","","","1","","","","",""
"27D","NHS CHESHIRE AND MERSEYSIDE ICB - 27D","Y62","QYG","INFINITY HOUSE","MALLARD WAY","","CREWE","","CW1 6ZQ","20200401","","","RO319","","","","","","","","1","","","","",""
"27T","NORTH WEST COMMISSIONING HUB","Y63","QWO","C/O NHS ENGLAND","1W09, 1ST FLOOR, QUARRY HOUSE","QUARRY HILL","LEEDS","","LS2 7UA","20200401","","","RO218","","","","","","","","1","","","","",""
"32T","NORTH WEST - H&J COMMISSIONING HUB","Y63","QWO","C/O NHS ENGLAND","1W09, 1ST FLOOR, QUARRY HOUSE","QUARRY HILL","LEEDS","","LS2 7UA","20200401","","","RO218","","","","","","","","1","","","","",""
"36J","NHS WEST YORKSHIRE ICB - 36J","Y63","QWO","SCOREX HOUSE WEST","1 BOLTON ROAD","","BRADFORD","","BD1 4AS","20200401","","","RO319","","","","","","","","1","","","","",""
"36L","NHS SOUTH WEST LONDON ICB - 36L","Y56","QWE","120 THE BROADWAY","","","LONDON","","SW19 1RH","20200401","","","RO319|RO326","","","","","","","","1","","","","",""
"42D","NHS HUMBER AND NORTH YORKSHIRE ICB - 42D","Y63","QOQ","1 GRIMBALD CRAG COURT","","","KNARESBOROUGH","","HG5 8QB","20200401","","","RO319","","","","","","","","1","","","","",""
"52R","NHS NOTTINGHAM AND NOTTINGHAMSHIRE ICB - 52R","Y60","QT1","BIRCH HOUSE","RANSOM WOOD BUSINESS PARK","SOUTHWELL ROAD WEST","MANSFIELD","","NG21 0HJ","20200401","","","RO319","","","","","","","","1","","","","",""
"70F","NHS SUSSEX ICB - 70F","Y59","QNX","WICKER HOUSE","HIGH STREET","","WORTHING","","BN11 1DJ","20200401","","","RO319","","","","","","","","1","","","","",""
"71E","NHS LINCOLNSHIRE ICB - 71E","Y60","QJM","BRIDGE HOUSE","THE POINT","LIONS WAY","SLEAFORD","","NG34 8GG","20200401","","","RO319","","","","","","","","1","","","","",""
"72Q","NHS SOUTH EAST LONDON ICB - 72Q","Y56","QKK","160 TOOLEY STREET","","","LONDON","","SE1 2TZ","20200401","","","RO319|RO326","","","","","","","","1","","","","",""
"76A","NORTH EAST AND YORKSHIRE - H&J COMMISSIONING HUB","Y63","QWO","C/O NHS ENGLAND","1W09, 1ST FLOOR, QUARRY HOUSE","QUARRY HILL","LEEDS","","LS2 7UA","20200401","","","RO218","","","","","","","","1","","","","",""
"78H","NHS NORTHAMPTONSHIRE ICB - 78H","Y60","QPM","KETTERING PARKWAY","KETTERING VENTURE PARK","","KETTERING","","NN15 6EY","20200401","","","RO319","","","","","","","","1","","","","",""
"84H","NHS NORTH EAST AND NORTH CUMBRIA ICB - 84H","Y63","QHM","SALTERS LANE","SEDGEFIELD","","STOCKTON-ON-TEES","","TS21 3EE","20200401","","","RO319","","","","","","","","1","","","","",""
"85J","NORTH EAST AND YORKSHIRE COMMISSIONING HUB","Y63","QWO","C/O NHS ENGLAND","1W09, 1ST FLOOR, QUARRY HOUSE","QUARRY HILL","LEEDS","","LS2 7UA","20200401","","","RO218","","","","","","","","1","","","","",""
"91Q","NHS KENT AND MEDWAY ICB - 91Q","Y59","QKS","GAIL HOUSE","LOWER STONE STREET","","MAIDSTONE","","ME15 6NB","20200401","","","RO319","","","","","","","","1","","","","",""
"92A","NHS SURREY HEARTLANDS ICB - 92A","Y59","QXU","58 CHURCH STREET","","","WEYBRIDGE","","KT13 8DP","20200401","","","RO319","","","","","","","","1","","","","",""
"92G","NHS BATH AND NORTH EAST SOMERSET, SWINDON AND WILTSHIRE ICB - 92G","Y58","QOX","JENNER HOUSE","AVON WAY","LANGLEY PARK","CHIPPENHAM","","SN15 1GG","20200401","","","RO319","","","","","","","","1","","","","",""
"93C","NHS NORTH CENTRAL LONDON ICB - 93C","Y56","QMJ","2ND FLOOR","LAYCOCK STREET","","LONDON","","N1 1TH","20200401","","","RO319|RO326","","","","","","","","1","","","","",""
"97R","NHS SUSSEX ICB - 97R","Y59","QNX","36-38 FRIARS WALK","","","LEWES","","BN7 2PB","20200401","","","RO319","","","","","","","","1","","","","",""
"97T","SOUTH EAST - H&J COMMISSIONING HUB","Y63","QWO","C/O NHS ENGLAND","1W09, 1ST FLOOR, QUARRY HOUSE","QUARRY HILL","LEEDS","","LS2 7UA","20200401","","","RO218","","","","","","","","1","","","","",""
"99A","NHS CHESHIRE AND MERSEYSIDE ICB - 99A","Y62","QYG","2 RENSHAW STREET","","","LIVERPOOL","","L1 2SA","20130401","","","RO319","","","","","","","","1","","","","",""
"99C","NHS NORTH EAST AND NORTH CUMBRIA ICB - 99C","Y63","QHM","12 HEDLEY COURT","ORION BUSINESS PARK","","NORTH SHIELDS","","NE29 7ST","20130401","","","RO319","","","","","","","","1","","","","",""
"99D","NHS SOUTH LINCOLNSHIRE CCG","Y60","QJM","BRIDGE HOUSE","THE POINT","LIONS WAY","SLEAFORD","","NG34 8GG","20130401","20200331","","","","","","","","","","1","","","","",""
"99E","NHS MID AND SOUTH ESSEX ICB - 99E","Y61","QH8","PHOENIX HOUSE","CHRISTOPHER MARTIN ROAD","","BASILDON","","SS14 3HG","20130401","","","RO319","","","","","","","","1","","","","",""
"99F","NHS MID AND SOUTH ESSEX ICB - 99F","Y61","QH8","PEARL HOUSE","12 CASTLE ROAD","","RAYLEIGH","","SS6 7QF","20130401","","","RO319","","","","","","","","1","","","","",""
"99G","NHS MID AND SOUTH ESSEX ICB - 99G","Y61","QH8","FLOOR 6","CIVIC CENTRE","VICTORIA AVENUE","SOUTHEND-ON-SEA","","SS2 6EN","20130401","","","RO319","","","","","","","","1","","","","",""
"99H","NHS SURREY DOWNS CCG","Y59","QXU","CEDAR COURT","36 GUILDFORD ROAD","FETCHAM","LEATHERHEAD","","KT22 9AE","20130401","20200331","","","","","","","","","","1","","","","",""
"99J","NHS WEST KENT CCG","Y59","QKS","WHARF HOUSE","MEDWAY WHARF ROAD","","TONBRIDGE","","TN9 1RE","20130401","20200331","","","","","","","","","","1","","","","",""
"99K","NHS HIGH WEALD LEWES HAVENS CCG","Y59","QNX","36-38 FRIARS WALK","","","LEWES","","BN7 2PB","20130401","20200331","","","","","","","","","","1","","","","",""
"99M","NHS NORTH EAST HAMPSHIRE AND FARNHAM CCG","Y59","QNQ","ALDERSHOT CENTRE FOR HEALTH","HOSPITAL HILL","","ALDERSHOT","","GU11 1AY","20130401","20210331","","","","","","","","","","1","","","","",""
"99N","NHS WILTSHIRE CCG","Y58","QOX","SOUTHGATE HOUSE","PANS LANE","","DEVIZES","","SN10 5EQ","20130401","20200331","","","","","","","","","","1","","","","",""
"99P","NHS NORTHERN, EASTERN AND WESTERN DEVON CCG","Y58","QJK","NEWCOURT HOUSE","OLD RYDON LANE","","EXETER","","EX2 7JU","20130401","20190331","","","","","","","","","","1","","","","",""
"99Q","NHS SOUTH DEVON AND TORBAY CCG","Y58","QJK","POMONA HOUSE","OAK VIEW CLOSE","","TORQUAY","","TQ2 7FF","20130401","20190331","","","","","","","","","","1","","","","",""
"A3A8R","NHS NORTH EAST LONDON ICB - A3A8R","Y56","QMF","NHS NORTH EAST LONDON","20 CHURCHILL PLACE","CANARY WHARF","LONDON","","E14 5HJ","20210401","","","RO319|RO326","","","","","","","","1","","","","",""
"A4R1E","NEWHAM - SUB-ICB REPORTING ENTITY","Y56","QMF","UNEX TOWER","STATION STREET","","LONDON","","E15 1DA","20240401","","","RO327","","","","","","","","1","","","","",""
"A7V7E","CITY AND HACKNEY - SUB-ICB REPORTING ENTITY","Y56","QMF","UNEX TOWER","STATION STREET","","LONDON","","E15 1DA","20240401","","","RO327","","","","","","","","1","","","","",""
"B1G9X","HARINGEY - SUB-ICB REPORTING ENTITY","Y56","QMJ","CAMDEN COUNCIL","5TH FLOOR","5 PANCRAS SQUARE","LONDON","","N1C 4AG","20240401","","","RO327","","","","","","","","1","","","","",""
"B2M3M","NHS COVENTRY AND WARWICKSHIRE ICB - B2M3M","Y60","QWU","SHIRE HALL","","","WARWICK","","CV34 4RL","20210401","","","RO319","","","","","","","","1","","","","",""
"C3W4U","GREENWICH - SUB-ICB REPORTING ENTITY","Y56","QKK","160 TOOLEY STREET","","","LONDON","","SE1 2QH","20240401","","","RO327","","","","","","","","1","","","","",""
"C7X7P","BRACKNELL FOREST - SUB-ICB REPORTING ENTITY","Y59","QNQ","PORTSMOUTH ROAD","FRIMLEY","","CAMBERLEY","","GU16 7UJ","20240724","","","RO327","","","","","","","","1","","","","",""
"D2P2L","NHS BLACK COUNTRY ICB - D2P2L","Y60","QUA","CIVIC CENTRE","ST. PETERS SQUARE","","WOLVERHAMPTON","","WV1 1SD","20210401","","","RO319","","","","","","","","1","","","","",""
"D2Z9S","WEST LONDON - SUB-ICB REPORTING ENTITY","Y56","QRV","15 MARYLEBONE ROAD","","","LONDON","","NW1 5JD","20240401","","","RO327","","","","","","","","1","","","","",""
"D4U1Y","NHS FRIMLEY ICB - D4U1Y","Y59","QNQ","HOSPITAL HILL","","","ALDERSHOT","","GU11 1AY","20210401","","","RO319|RO326","","","","","","","","1","","","","",""
"D7Z1O","SOUTHWARK - SUB-ICB REPORTING ENTITY","Y56","QKK","160 TOOLEY STREET","","","LONDON","","SE1 2QH","20240401","","","RO327","","","","","","","","1","","","","",""
"D9P3T","ISLINGTON - SUB-ICB REPORTING ENTITY","Y56","QMJ","CAMDEN COUNCIL","5TH FLOOR","5 PANCRAS SQUARE","LONDON","","N1C 4AG","20240401","","","RO327","","","","","","","","1","","","","",""
"D9Y0V","NHS HAMPSHIRE AND ISLE OF WIGHT ICB - D9Y0V","Y59","QRL","THE CASTLE","CASTLE AVENUE","","WINCHESTER","","SO23 8UJ","20210401","","","RO319","","","","","","","","1","","","","",""
"E9S1I","HAVERING - SUB-ICB REPORTING ENTITY","Y56","QMF","UNEX TOWER","STATION STREET","","LONDON","","E15 1DA","20240401","","","RO327","","","","","","","","1","","","","",""
"F7Z3N","WALTHAM FOREST - SUB-ICB REPORTING ENTITY","Y56","QMF","UNEX TOWER","STATION STREET","","LONDON","","E15 1DA","20240401","","","RO327","","","","","","","","1","","","","",""
"G2L3T","BARNET - SUB-ICB REPORTING ENTITY","Y56","QMJ","CAMDEN COUNCIL","5TH FLOOR","5 PANCRAS SQUARE","LONDON","","N1C 4AG","20240401","","","RO327","","","","","","","","1","","","","",""
"G7G6U","WANDSWORTH - SUB-ICB REPORTING ENTITY","Y56","QWE","120 THE BROADWAY","","","LONDON","","SW19 1RH","20240401","","","RO327","","","","","","","","1","","","","",""
"H1A0E","LAMBETH - SUB-ICB REPORTING ENTITY","Y56","QKK","160 TOOLEY STREET","","","LONDON","","SE1 2QH","20240401","","","RO327","","","","","","","","1","","","","",""
"I0N2H","NORTH EAST HAMPSHIRE AND FARNHAM - SUB-ICB REPORTING ENTITY","Y59","QNQ","PORTSMOUTH ROAD","FRIMLEY","","CAMBERLEY","","GU16 7UJ","20240724","","","RO327","","","","","","","","1","","","","",""
"I1L7N","RICHMOND - SUB-ICB REPORTING ENTITY","Y56","QWE","120 THE BROADWAY","","","LONDON","","SW19 1RH","20240401","","","RO327","","","","","","","","1","","","","",""
"I6C5L","REDBRIDGE - SUB-ICB REPORTING ENTITY","Y56","QMF","UNEX TOWER","STATION STREET","","LONDON","","E15 1DA","20240401","","","RO327","","","","","","","","1","","","","",""
"J0P1R","CAMDEN - SUB-ICB REPORTING ENTITY","Y56","QMJ","CAMDEN COUNCIL","5TH FLOOR","5 PANCRAS SQUARE","LONDON","","N1C 4AG","20240401","","","RO327","","","","","","","","1","","","","",""
"J1I6Y","EALING - SUB-ICB REPORTING ENTITY","Y56","QRV","15 MARYLEBONE ROAD","","","LONDON","","NW1 5JD","20240401","","","RO327","","","","","","","","1","","","","",""
"K2Q5Q","SUTTON - SUB-ICB REPORTING ENTITY","Y56","QWE","120 THE BROADWAY","","","LONDON","","SW19 1RH","20240401","","","RO327","","","","","","","","1","","","","",""
"K8B2G","BROMLEY - SUB-ICB REPORTING ENTITY","Y56","QKK","160 TOOLEY STREET","","","LONDON","","SE1 2QH","20240401","","","RO327","","","","","","","","1","","","","",""
"L3J1B","HILLINGDON - SUB-ICB REPORTING ENTITY","Y56","QRV","15 MARYLEBONE ROAD","","","LONDON","","NW1 5JD","20240401","","","RO327","","","","","","","","1","","","","",""
"L6J4J","SLOUGH - SUB-ICB REPORTING ENTITY","Y59","QNQ","PORTSMOUTH ROAD","FRIMLEY","","CAMBERLEY","","GU16 7UJ","20240724","","","RO327","","","","","","","","1","","","","",""
"L7N8K","CROYDON - SUB-ICB REPORTING ENTITY","Y56","QWE","120 THE BROADWAY","","","LONDON","","SW19 1RH","20240401","","","RO327","","","","","","","","1","","","","",""
"M1J4Y","NHS BEDFORDSHIRE, LUTON AND MILTON KEYNES ICB - M1J4Y","Y61","QHG","PRIORY HOUSE","MONKS WALK","CHICKSANDS","SHEFFORD","","SG17 5TQ","20210401","","","RO319","","","","","","","","1","","","","",""
"M2L0M","NHS SHROPSHIRE, TELFORD AND WREKIN ICB - M2L0M","Y60","QOC","NHS TELFORD & WREKIN","HALESFIELD 6","","TELFORD","","TF7 4BF","20210401","","","RO319","","","","","","","","1","","","","",""
"M3V5R","SURREY HEATH - SUB-ICB REPORTING ENTITY","Y59","QNQ","PORTSMOUTH ROAD","FRIMLEY","","CAMBERLEY","","GU16 7UJ","20240724","","","RO327","","","","","","","","1","","","","",""
"O3P1D","LEWISHAM - SUB-ICB REPORTING ENTITY","Y56","QKK","160 TOOLEY STREET","","","LONDON","","SE1 2QH","20240401","","","RO327","","","","","","","","1","","","","",""
"O4I9P","BRENT - SUB-ICB REPORTING ENTITY","Y56","QRV","15 MARYLEBONE ROAD","","","LONDON","","NW1 5JD","20240401","","","RO327","","","","","","","","1","","","","",""
"P7F1Z","MERTON - SUB-ICB REPORTING ENTITY","Y56","QWE","120 THE BROADWAY","","","LONDON","","SW19 1RH","20240401","","","RO327","","","","","","","","1","","","","",""
"Q0S2C","BEXLEY - SUB-ICB REPORTING ENTITY","Y56","QKK","160 TOOLEY STREET","","","LONDON","","SE1 2QH","20240401","","","RO327","","","","","","","","1","","","","",""
"Q6U7B","KINGSTON - SUB-ICB REPORTING ENTITY","Y56","QWE","120 THE BROADWAY","","","LONDON","","SW19 1RH","20240401","","","RO327","","","","","","","","1","","","","",""
"R0W7N","HAMMERSMITH AND FULHAM - SUB-ICB REPORTING ENTITY","Y56","QRV","15 MARYLEBONE ROAD","","","LONDON","","NW1 5JD","20240401","","","RO327","","","","","","","","1","","","","",""
"R2L3Y","ROYAL BOROUGH OF WINDSOR AND MAIDENHEAD - SUB-ICB REPORTING ENTITY","Y59","QNQ","PORTSMOUTH ROAD","FRIMLEY","","CAMBERLEY","","GU16 7UJ","20240724","","","RO327","","","","","","","","1","","","","",""
"S7H6Y","TOWER HAMLETS - SUB-ICB REPORTING ENTITY","Y56","QMF","UNEX TOWER","STATION STREET","","LONDON","","E15 1DA","20240401","","","RO327","","","","","","","","1","","","","",""
"U7R3S","ENFIELD - SUB-ICB REPORTING ENTITY","Y56","QMJ","CAMDEN COUNCIL","5TH FLOOR","5 PANCRAS SQUARE","LONDON","","N1C 4AG","20240401","","","RO327","","","","","","","","1","","","","",""
"W2U3Z","NHS NORTH WEST LONDON ICB - W2U3Z","Y56","QRV","15 MARYLEBONE ROAD","","","LONDON","","NW1 5JD","20210401","","","RO319|RO326","","","","","","","","1","","","","",""
"W5Y6K","BARKING AND DAGENHAM - SUB-ICB REPORTING ENTITY","Y56","QMF","UNEX TOWER","STATION STREET","","LONDON","","E15 1DA","20240401","","","RO327","","","","","","","","1","","","","",""
"X2C4Y","NHS WEST YORKSHIRE ICB - X2C4Y","Y63","QWO","2ND FLOOR","NORWICH UNION HOUSE","24 HIGH STREET","HUDDERSFIELD","","HD1 2LR","20210401","","","RO319","","","","","","","","1","","","","",""
"Y4U7N","HARROW - SUB-ICB REPORTING ENTITY","Y56","QRV","15 MARYLEBONE ROAD","","","LONDON","","NW1 5JD","20240401","","","RO327","","","","","","","","1","","","","",""
"Z1H8A","CENTRAL LONDON - SUB-ICB REPORTING ENTITY","Y56","QRV","15 MARYLEBONE ROAD","","","LONDON","","NW1 5JD","20240401","","","RO327","","","","","","","","1","","","","",""
"Z4H8X","HOUNSLOW - SUB-ICB REPORTING ENTITY","Y56","QRV","15 MARYLEBONE ROAD","","","LONDON","","NW1 5JD","20240401","","","RO327","","","","","","","","1","","","","",""
